movie,year,genre,youtube_title,youtube_url
Anaganaga O Dheerudu,2011.0,"Action, Adventure, Family            ","Anaganaga O Dheerudu Teaser Trailer featuring Sidharth, Shruthi Hassan and Lakshmi Manchu",https://www.youtube.com/watch?v=mFSpbKJgL3k
Madatha Kaaja,2011.0,Comedy            ,"Madatha Kaja Movie New Trailer  - Allari Naresh, Sneha Ullal",https://www.youtube.com/watch?v=JywRMVoqlLU
Panjaa,2011.0,"Action, Thriller            ",PANJAA THEATRICAL TRAILER  in HD,https://www.youtube.com/watch?v=GSiS-WPS7Js
Kandireega,2011.0,"Action, Comedy, Romance            ",Kandireega Theatrical Trailer.flv,https://www.youtube.com/watch?v=ETyHQdLGP3k
Oosaravelli,2011.0,"Action, Thriller            ",Oosaravelli 4K Re-Edited Trailer | NTR Jr | Tamannaah Bhatia | Surender Reddy | Devi Sri Prasad,https://www.youtube.com/watch?v=iUa9e9eOSR0
Mr Perfect,2011.0,"Drama, Romance            ",Mr. Perfect Re - Release Trailer | Prabhas | Kajal | Taapsee | Dasaradh | DSP | Dil Raju,https://www.youtube.com/watch?v=KoLsNVB6t_c
100% Love,2011.0,"Comedy, Drama, Romance            ",100% Love: Trailer,https://www.youtube.com/watch?v=Q0wjGBZ5yuU
Ala Modalaindi,2011.0,"Comedy, Drama, Romance            ",Ala modalaindi Telugu Movie Trailer,https://www.youtube.com/watch?v=xTqNB07fQ9g
Vastadu Naa Raju,2011.0,"Action, Romance            ",Vastadu Naa Raju 2011 official trailer HD,https://www.youtube.com/watch?v=AOpGpNL9eA4
Nuvvila,2011.0,"Comedy, Drama, Romance            ",Nuvvila Song Trailer - Enno Kalale Kanna Song - Ravi Babu,https://www.youtube.com/watch?v=ssQrp46KGWI
Gaganam,2011.0,"Action, Crime, Thriller            ",Gaganam Trailer,https://www.youtube.com/watch?v=8V-JXwPRq9E
Mogudu,2011.0,Drama            ,Mogudu  trailer -  Gopichand  Tapsee.,https://www.youtube.com/watch?v=Kpaq-hEahd4
Badrinath,2011.0,Action            ,Badrinath Telugu Movie Latest Trailer 01,https://www.youtube.com/watch?v=Dibf366nSZQ
Aha Naa Pellanta,2011.0,Comedy            ,Aha Na Pellanta Official Trailer |Raj Tharun | Shivaani Rajashekhar | Premieres 17th Nov,https://www.youtube.com/watch?v=w-jiuCMJSAQ
Prema Kavali,2011.0,Romance            ,"Prema Kavali | Dubbed Hindi Movie Trailer | Aadhi, Isha Chawla | Only on Enterr10 TV",https://www.youtube.com/watch?v=-2WYmDuuTCY
Sri Rama Rajyam,2011.0,"Drama, Fantasy            ",Sri Rama Rajyam Animation Trailer  - Bala Krishna & Nayanatara,https://www.youtube.com/watch?v=xyu31RCJPJo
Sakthi,2011.0,"Action, Fantasy            ",Shakti movie trailer,https://www.youtube.com/watch?v=1uEjU4Ka9kY
Mirapakai,2011.0,"Action, Comedy, Drama            ",Mirapakay Re Release Trailer 1  4K | Ravi Teja | DeekshaSeth Harish Shankar | Re-Releasing On July11,https://www.youtube.com/watch?v=n1EBZNeVW8o
Teen Maar,2011.0,"Comedy, Drama, Romance            ",Teenmaar trailer,https://www.youtube.com/watch?v=kV3Fi9GmHBA
Katha Screenplay Darsakatvam: Appalaraju,2011.0,Comedy            ,KSD Appalraju Trailer - KSD Appalraju New Telugu Movie Trailer,https://www.youtube.com/watch?v=yM7cr_jQR0c
Dhada,2011.0,"Action, Comedy            ",Dhada official theatrical trailer High Definition - www.nagfans.com,https://www.youtube.com/watch?v=dsBijKLLn5M
Dongala Mutha,2011.0,"Action, Crime, Thriller            ",Dongala muta Trailer | RGV | Aditya,https://www.youtube.com/watch?v=MUWr5wHrvvE
Oh My Friend,2011.0,Romance            ,Oh My Friend Trailer - Siddharth Narayan - Hansika Motwani - Shruti Haasan - Hindi Dubbed Movie,https://www.youtube.com/watch?v=_KIpyE2R7l4
Golkonda High School,2011.0,"Drama, Family            ",Golkonda High School Trailers,https://www.youtube.com/watch?v=vypfF9HhEWs
It's My Love Story,2011.0,Romance            ,It's My Breakup Love Story Trailer || Basha | Srujana |John Biber | Rakhi Ar ||,https://www.youtube.com/watch?v=z4yUyJTSURM
Seema Tapakai,2011.0,Comedy            ,Seema Tapakai Movie Trailer 01.mp4,https://www.youtube.com/watch?v=ZV3Vf4Wh9Ns
Veera,2011.0,"Action, Comedy, Drama            ","Veera - Official Tamil Trailer | Krishna, Iswarya Menon | Leon James",https://www.youtube.com/watch?v=J5qj4sTQIq0
Rajanna,2011.0,"Action, Drama, History            ",Rajanna Theatrical Trailer   Nagarjuna,https://www.youtube.com/watch?v=95SU-cFsm44
Parama Veera Chakra,2011.0,"Action, Drama            ",Parama Veera Chakra Trailer,https://www.youtube.com/watch?v=JEGEzavWmDg
Money Money More Money,2011.0,Comedy            ,Money Heist | Series Trailer | Netflix,https://www.youtube.com/watch?v=_InqQJRqGW4
Dookudu,2011.0,"Action, Comedy            ","Dookudu Trailer | MaheshBabu,SreenuVaitla |  PSD Editz| Sreenivas Daramukkala",https://www.youtube.com/watch?v=RJ_bi1qKymA
Raaj,2011.0,"Drama, Romance            ",Raaz Official trailer |Bipasha Basu|Dino Morea|Ashutosh Rana.,https://www.youtube.com/watch?v=O6GUoVApVkc
Nenu Naa Rakshasi,2011.0,"Action, Drama            ",Nenu Naa Rakshasi Movie Trailer,https://www.youtube.com/watch?v=RtMrhESRwsI
Eega,2012.0,"Action, Fantasy            ",Eega Theatrical Trailer | SS Rajamouli | Samantha | Nani | MM Keeravani | Vaaraahi Chalana Chitram,https://www.youtube.com/watch?v=x-1ZoU1xB4I
Yamudiki Mogudu,2012.0,"Comedy, Fantasy            ","Yamudiki Mogudu Trailer | Telugu Latest Trailers | Allari Naresh, Richa Panai | Sri Balaji Video",https://www.youtube.com/watch?v=hwzJFAbi2kE
Rachcha,2012.0,Action            ,Racha trailer official,https://www.youtube.com/watch?v=twheJG-FK5w
Srimannarayana,2012.0,Drama            ,Avane Srimannarayana (Kannada) - Official Trailer | Rakshit Shetty | Pushkar Films | Shanvi | Sachin,https://www.youtube.com/watch?v=Dj-HNEZ59Z4
Daruvu,2012.0,"Action, Comedy, Fantasy            ",Daruvu Theatrical Trailer (SD),https://www.youtube.com/watch?v=3mStmzBxNn0
Ayyare,2012.0,"Drama, Family            ","Ayyare -Telugu  Film Official Trailer(2012),teaser,promo,Rajendra Prasad, Sivaji",https://www.youtube.com/watch?v=f6FQzHg4xIU
Yeto Vellipoyindhi Manasu,2012.0,"Drama, Romance            ",Yeto Vellipoyindhi Manasu Official HD Theatrical Trailer,https://www.youtube.com/watch?v=KMCb4_Sfz6w
Nuvva Nena,2012.0,Comedy            ,Nuvva Nena Movie Trailer,https://www.youtube.com/watch?v=dtN5pymATow
Routine Love Story,2012.0,"Comedy, Romance            ",Routine Love Story Movie Theatrical Trailer,https://www.youtube.com/watch?v=jTYiuTkPEpY
Dhammu,2012.0,"Action, Drama            ",dammu theatrical trailer - Jr.NTR Trisha Kartheeka - dhammu trailer,https://www.youtube.com/watch?v=SQuo9MqulC4
Devudu Chesina Manushulu,2012.0,"Action, Comedy, Fantasy            ",Devudu Chesina Manushulu Official Trailer,https://www.youtube.com/watch?v=faGYaHei3mA
Ishq,2012.0,"Comedy, Romance            ",Ishq Re-Release Trailer | Nithiin | Nithya Menen | Vikram Kumar | Anup Rubens | Sreshth Movies,https://www.youtube.com/watch?v=CF1Mos08l2w
Naa Ishtam,2012.0,Drama            ,Naa Ishtam Movie Theatrical Trailer | Suresh Productions,https://www.youtube.com/watch?v=BSfl-QAAQ6w
Andala Rakshasi,2012.0,Romance            ,Andhala Rakshasi Trailer | Rahul Ravindran | Lavanya Tripathi | Naveen Chandra | Watch on aha,https://www.youtube.com/watch?v=sz3jGURM84I
All the Best,2012.0,Drama            ,"All The Best (2009) Ajay Devgn, Sanjay Dutt, Johnny Lever | Official Trailer",https://www.youtube.com/watch?v=OqgIpjD2WU4
Uu Kodathara Ulikki Padathara,2012.0,"Action, Drama, Fantasy            ",Uu Kodathara Ulikki Padathara Theatrical Trailer,https://www.youtube.com/watch?v=dVuXX6INLkE
Neeku Naaku Dash Dash,2012.0,Thriller            ,Neeku Naaku Dash Dash Trailer,https://www.youtube.com/watch?v=aNF208J6KLU
Ee Rojullo,2012.0,"Comedy, Romance            ",EE Rojullo - Trailer,https://www.youtube.com/watch?v=n8UjA6iXd6M
Poola Rangadu,2012.0,Comedy            ,Poola Rangadu Movie Trailer |  Sunil | Isha Chawla | Telugu FilmNagar,https://www.youtube.com/watch?v=pZL9ZDLVP_k
Minugurulu,2012.0,"Drama, Family            ","Minugurulu Theatrical Trailer - Ashish Vidyarthi, Suhasini Maniratnam",https://www.youtube.com/watch?v=jabARoYbr_o
Cameraman Gangatho Rambabu,2012.0,"Action, Drama            ",Cameraman Ganga Tho Rambabu (CGR ) Making - Power Teaser,https://www.youtube.com/watch?v=n81GDQqqaik
Damarukam,2012.0,"Action, Drama, Fantasy            ",damarukam official trailer,https://www.youtube.com/watch?v=i8nWSMMIVhM
Life Is Beautiful,2012.0,"Drama, Romance            ","Life Is Beautiful | Official Trailer (HD) - Roberto Benigni, Nicoletta Braschi | MIRAMAX",https://www.youtube.com/watch?v=8CTjcVr9Iao
Sarocharu,2012.0,"Drama, Romance            ",Sarocharu Movie Theatrical Trailer,https://www.youtube.com/watch?v=KNNmeTZ7bSA
Gabbar Singh,2012.0,"Action, Comedy            ",Gabbar Singh Re-Release Trailer 4K || Pawan Kalyan || Harish Shankar || Sruthi Hassan || @NmediaENT,https://www.youtube.com/watch?v=8v7C0hqPLIg
Dhenikaina Ready,2012.0,"Action, Comedy            ",Dhenikaina Ready Movie Theatrical Trailer,https://www.youtube.com/watch?v=T0MR-DTriis
Krishnam Vande Jagadgurum,2012.0,Action            ,Krishnam Vande Jagadgurum Theatrical Trailer l  Krishnam Vande Jagadgurum Movie,https://www.youtube.com/watch?v=Gbv6mDaV_UE
Nippu,2012.0,"Action, Comedy, Drama            ",Nippu Official Theater Trailer Release,https://www.youtube.com/watch?v=JuOUgTZMDyU
Ko antey koti,2012.0,"Comedy, Crime, Romance            ",Ko Antey Koti theatrical trailer,https://www.youtube.com/watch?v=dDA_BVUxG6w
Julayi,2012.0,"Action, Comedy            ","Julayi Movie Theatrical Trailer - Allu Arjun, Ileana In",https://www.youtube.com/watch?v=jxYa6VkL4Oc
Endukante... Premanta,2012.0,"Comedy, Fantasy, Romance            ",Endukante Premanta Official Trailer,https://www.youtube.com/watch?v=ww6P56hRvLg
Adhinayakudu,2012.0,"Action, Drama            ","Adhinayakudu 4K Ultra HD Trailer🔥| Balakrishna Triple Role, Raai Lakshmi | Telugu Re‑Release",https://www.youtube.com/watch?v=kkTqc2tuVTc
Mithunam,2012.0,"Drama, Family            ","Midhunam Movie Trailer - SP Balasubrahmanyam, Lakshmi",https://www.youtube.com/watch?v=3eL_TCw7aa4
Avunu,2012.0,"Horror, Thriller            ",Avunu Telugu Movie Theatrical Trailer | Ravi Babu | Poorna | Harshvardhan Rane | Suresh Productions,https://www.youtube.com/watch?v=KIFJNawbIFQ
Sudigaadu,2012.0,"Action, Comedy            ","Sudigadu Movie Theatrical Trailer - Allari Naresh, Monal Gajjar In",https://www.youtube.com/watch?v=zlQQCCLnmcQ
Swamy Ra Ra,2013.0,Crime            ,Swamy Ra Ra: Theatrical Trailer (Official),https://www.youtube.com/watch?v=jE116V3a9pI
Greeku Veerudu,2013.0,Drama            ,"GreekuVeerudu Official Trailer (Nagarjunna,Nayanthara)",https://www.youtube.com/watch?v=tm_JKQ5bw-o
Mirchi,2013.0,"Action, Drama            ","Mirchi Movie Theatrical Trailer - Prabhas, Anushka Shetty, Richa Gangaopadhay",https://www.youtube.com/watch?v=I5cJMydo5Hc
Seethamma Vakitlo Sirimalle Chettu,2013.0,"Comedy, Drama, Family            ","Seethamma Vakitlo Sirimalle Chettu Re - Release Trailer - Venkatesh, Mahesh Babu | Dil Raju",https://www.youtube.com/watch?v=_c840-Ahuok
Prema Ishq Kaadhal,2013.0,Drama            ,Prema Ishq Kadhal - Theatrical Trailer l Harshvardhan Rane l Vishnu Vardhan l  VithikaSheru,https://www.youtube.com/watch?v=GuQgrY2IJ2k
Venkatadri Express,2013.0,"Adventure, Comedy            ","Venkatadri Express Movie Theatrical Trailer  - Sundeep Kishan,Rakul Preet Singh",https://www.youtube.com/watch?v=JcXqCXtlafI
Okkadine,2013.0,"Action, Romance            ","Okkadine theatrical trailer HD- Nara Rohith , Nitya menon",https://www.youtube.com/watch?v=RVqLUuBC-xI
Aadu Magaadra Bujji,2013.0,"Action, Comedy, Romance            ","Aadu Magadra Bujji Release Trailer HD - Sudheer Babu, Asmita Sood",https://www.youtube.com/watch?v=OLswTeroElg
Naa Bangaaru Talli,2013.0,"Crime, Drama, Family            ",Naa Bangaru Thalli theatrical trailer - idlebrain.com,https://www.youtube.com/watch?v=S9OzopxWSHI
Anthaka Mundu Aa Tarvatha,2013.0,"Drama, Romance            ",Anthaka Mundu Aa Tarvatha Official Theatrical trailer HD,https://www.youtube.com/watch?v=0nqTaMvUdU8
Baadshah,2013.0,"Action, Comedy            ",BAADSHAH movie Trailer shahrukh Khan and twinkle khanna love story movie,https://www.youtube.com/watch?v=AXsgXc3doRM
Uyyala Jampala,2013.0,"Drama, Family, Romance            ",Uyyala Jampala Theatrical Trailer - Raj Tarun & Anandi,https://www.youtube.com/watch?v=Fr_Qbnkj-3E
Bhai,2013.0,"Action, Comedy, Thriller            ","Bhay - The Gaurav Tiwari Mystery | Official Trailer | Karan Tacker, Kalki Koechlin |Amazon MX Player",https://www.youtube.com/watch?v=I8pz4rlV-VY
Naayak,2013.0,Action            ,"Naayak Movie Theatrical Trailer - Ram Charan Teja, Kajal Agarwal, Amala Paul",https://www.youtube.com/watch?v=fRIcLZLv3uk
Om 3D,2013.0,"Action, Thriller            ","Kalyan Ram OM 3D official Theatrical Trailer HD - Kriti Kharbanda, Nikesha Patel",https://www.youtube.com/watch?v=pTFnn8xYAMs
Jaffa,2013.0,Comedy            ,Jaffa Movie Latest Trailer - Brahmanandam | Vennela kishore HD,https://www.youtube.com/watch?v=fA6LUZgzlek
Doosukeltha,2013.0,"Action, Comedy            ",Doosukeltha Latest Trailer,https://www.youtube.com/watch?v=3MCYomb_WXI
Iddarammayilatho,2013.0,"Action, Thriller            ",Iddarammayilatho Official Trailer #1 (2013) - Allu Arjun Movie HD,https://www.youtube.com/watch?v=EFL8B74VCRg
Prema Katha Chitram,2013.0,"Drama, Horror            ","Prema katha chitram Theatrical Trailer HD Official - Sudheer Babu, Nanditha",https://www.youtube.com/watch?v=-goyHW817Zk
Ongole Githa,2013.0,"Action, Comedy            ",Ongole Gitta Teaser,https://www.youtube.com/watch?v=Hs_SkhgslFo
D for Dopidi,2013.0,"Comedy, Crime            ","D for Dopidi Movie Theatrical Trailer - Varun Sandesh, Sundeep Kishan,Melanie Kannokada",https://www.youtube.com/watch?v=RP0rsAYTRgY
Gundello Godari,2013.0,"Adventure, Drama, Romance            ",Gundello Godari - Theatrical Trailer 3,https://www.youtube.com/watch?v=apkPcAaacr0
Balupu,2013.0,"Action, Comedy            ",Balupu Movie Official Teaser | Raviteja | Shruthi Hassan | Anajali | S.S.Thaman,https://www.youtube.com/watch?v=4oEwM7DGdU4
Kevvu Keka,2013.0,Comedy            ,"Kevvu Keka Telugu Movie Trailer |  Allari Naresh, Sharmila Mandre",https://www.youtube.com/watch?v=O_jlcTEG2aQ
Sahasam,2013.0,"Action, Adventure            ","Sahasam Telugu Movie Official Trailer HD Latest - Gopichand, Tapsee Pannu",https://www.youtube.com/watch?v=kK-FYOL_m_U
Atharintiki Daaredi,2013.0,"Comedy, Drama            ",Atharintiki Daredi theatrical trailer - idlebrain.com,https://www.youtube.com/watch?v=plIVdDg5HF8
Adda,2013.0,Drama            ,"ADDA THEATRICAL TRAILER  | Sushanth, Shanvi",https://www.youtube.com/watch?v=LlaHlfvo4Q4
Potugadu,2013.0,"Comedy, Drama            ","Potugadu Movie - Theatrical Trailer - Manoj Manchu,Sakshi Chaudhary",https://www.youtube.com/watch?v=IFCbkWQ6jjc
Jabardasth,2013.0,Comedy            ,Ramba Oorvasi Menaka Official Teaser | Allari Naresh | Surbhi | Chandra Mohan | Chaitan Bharadwaj,https://www.youtube.com/watch?v=D1i030fPhhE
Tadakha,2013.0,Action            ,"Tadakha Latest Action Trailer - Naga Chaitanya, Tamanna, Sunil, Andrea Jeremiah",https://www.youtube.com/watch?v=QOWgOozuzOY
Masala,2013.0,"Action, Comedy            ",Masala Theatrical Trailer Official || Venkatesh || Ram || Anjali || Shazahn Padamsee,https://www.youtube.com/watch?v=mhnabd22s4k
Gunde Jaari Gallanthayyinde,2013.0,"Comedy, Drama, Romance            ",Gundejaari Gallanthayyinde Official Theatrical Trailer HD,https://www.youtube.com/watch?v=VBFpS1GAEG4
Current Theega,2014.0,"Action, Comedy, Romance            ","Current Theega Movie Trailer | Manchu Manoj, Rakul Preet Singh, Sunny Leone",https://www.youtube.com/watch?v=fgW3IZrLFEk
Heart Attack,2014.0,"Action, Romance            ",Heart Attack Official Trailer - HD | Nithiin | Adah sharma | Puri Jagannadh |,https://www.youtube.com/watch?v=OV-S4l6cE3g
Chinnadana Nee Kosam,2014.0,"Drama, Romance            ","Chinnadana Neekosam Theatrical Trailer - Nithin, Karunakaran, Mishti Chakraborty",https://www.youtube.com/watch?v=oRqSr6vO6PE
Rowdy Fellow,2014.0,"Action, Romance            ",Rowdy Fellow Latest Theatrical Trailer | Nara Rohit | Vishaka Singh | Rao Ramesh | Sunny MR,https://www.youtube.com/watch?v=Rf3gmp9IQ5Y
Chandamama Kathalu,2014.0,Drama            ,Chandamama Kathalu theatrical trailer - idlebrain.com,https://www.youtube.com/watch?v=OGTVcjdksXA
Geethanjali,2014.0,"Comedy, Horror            ",Geethaanjali Malayalam Movie Theatrical Trailer,https://www.youtube.com/watch?v=Afvg3hz4HhI
Mukunda,2014.0,Family            ,Mukunda Theatrical Trailer | Varun Tej | Pooja Hegde | Srikanth Addala | Mickey J Meyer,https://www.youtube.com/watch?v=9rcxSklwL0g
Pilla Nuvvu Leni Jeevitham,2014.0,"Action, Drama, Romance            ","Pilla Nuvvu Leni Jeevitham Theatrical Trailer || Sai Dharam Tej, Regina Cassandra",https://www.youtube.com/watch?v=NQMrOS9UN-E
Loukyam,2014.0,"Action, Comedy            ","Loukyam Theatrical Trailer  - Gopichand, Rakulpreet Singh, Hamsa Nandini | Silly Monks",https://www.youtube.com/watch?v=HHcfnpWToYg
Autonagar Surya,2014.0,"Action, Crime, Drama            ","Auto Nagar Surya Movie - Theatrical Trailer - Naga Chaitanya, Samantha",https://www.youtube.com/watch?v=_lF-aNMPQpM
Prathinidhi,2014.0,"Drama, Thriller            ","Prathinidhi Telugu Movie Trailer - Nara Rohit, Subra Aiyappa",https://www.youtube.com/watch?v=sZNrvgoD7HM
Alludu Seenu,2014.0,"Action, Comedy            ","Alludu Seenu Theatrical Trailer - Samantha, Srinivas, DSP, V.V. Vinayak - Aditya Music Telugu",https://www.youtube.com/watch?v=ILi17UAxvgo
Oka Laila Kosam,2014.0,"Comedy, Romance            ","""Oka Laila Kosam "" Telugu Movie Trailer || Naga Chaitanya, Pooja Hegde",https://www.youtube.com/watch?v=jccLiscKEMM
Ra Ra Krishnayya,2014.0,Romance            ,"Ra Ra Krishnayya Theatrical Trailer   Sandeep Kishan, Regina, Jagapathi Babu",https://www.youtube.com/watch?v=5nh7X3Ic8wI
Kotha Janta,2014.0,"Comedy, Drama            ","Kotha Janta Movie Theatrical Trailer - Allu Sirish, Regina",https://www.youtube.com/watch?v=fCe9JVlXbyo
Lovers,2014.0,Romance            ,Lover - Trailer | HDR | Manikandan | Sri Gouri Priya | Kanna Ravi | Sean Roldan | Prabhuram Vyas,https://www.youtube.com/watch?v=UkFD3pKmSks
Drushyam,2014.0,"Crime, Drama, Family            ","Drishyam - Official Trailer | Starring Ajay Devgn, Tabu & Shriya Saran",https://www.youtube.com/watch?v=64xJLmcA2K8
Aagadu,2014.0,"Action, Comedy            ","Aagadu - Trailer ft.Tamannaah Bhatia, Sonu Sood, Mahesh Babu & Brahmanandam",https://www.youtube.com/watch?v=qWM09LFpJ8Q
Brother of Bommali,2014.0,"Action, Drama            ","Brother of Bommali Movie Trailer - Allari Naresh, Monal Gajjar - Latest Telugu Movie Tralier 2014",https://www.youtube.com/watch?v=4Ip8MLHFGCM
Paathshala,2014.0,Drama            ,Paathshaala - Official Trailer | Shahid Kapoor | Ayesha Takia,https://www.youtube.com/watch?v=-KsUbQa6QpM
Ice Cream 2,2014.0,"Horror, Thriller            ",Ice Cream 2 Trailer 2 HD - Ram Gopal Varma,https://www.youtube.com/watch?v=BseaO6pWgMk
Rough,2014.0,Romance            ,Rough | Official Trailer | Raging Stallion Studios,https://www.youtube.com/watch?v=NgDRsk5GKXM
Joru,2014.0,Comedy            ,"Joru Telugu Movie - Latest Theatrical Trailer - Sundeep Kishan, Rashi Khanna",https://www.youtube.com/watch?v=f_sYsnlBdJs
Galipatam,2014.0,Drama            ,"Galipatam Movie Theatrical Trailer || Aadi, Erica Fernandes, Kristina Akheeva",https://www.youtube.com/watch?v=RarJ2pOnGAI
Emo Gurram Egaravachu,2014.0,Drama            ,Emo gurram egara vachu trailer | sumanth | pinky|,https://www.youtube.com/watch?v=auG5-295fjI
Lakshmi Raave Maa Intiki,2014.0,"Drama, Family, Romance            ",Lakshmi Raave Maa Intiki | Theatrical Trailer | Naga Shourya | Avika Gor | Ali | Saptagiri,https://www.youtube.com/watch?v=0ca3Xyi2BDI
Govindudu Andari Vaadele,2014.0,"Action, Drama            ","Govindudu Andarivadele Theatrical Trailer || Ram Charan, Srikanth, Kajal Aggarwal(HD)",https://www.youtube.com/watch?v=HFAcjf3pKbs
Rabhasa,2014.0,"Action, Comedy            ","Ramayya Vasthavayya Movie Theatrical Trailer - Jr.Ntr,Samantha, Shruthi Hasan",https://www.youtube.com/watch?v=lVbpn9MQFYs
Yevadu,2014.0,"Action, Thriller            ","Ram Charan Yevadu Official Theatrical Trailer HD - Ram Charan, Shruti Haasan, Allu Arjun, DSP",https://www.youtube.com/watch?v=r6YZjpuEh4Q
Run Raja Run,2014.0,"Comedy, Drama            ","Run Raja Run Theatrical Trailer - Sharwanand, Seerat Kapoor, Vennela Kishore",https://www.youtube.com/watch?v=pdLh89YMyJI
Amrutham Chandamama Lo,2014.0,"Adventure, Comedy, Fantasy            ","Amrutham - Chandamama Lo Theatrical Trailer HD- Srinivas Avasarala, Dhanya Balakrishna",https://www.youtube.com/watch?v=V-aiqUuRygY
1 - Nenokkadine,2014.0,"Action, Thriller            ",1: Nenokkadine Re Release Trailer 4K | Mahesh Babu | Kriti Sanon | Gautham | Sukumar | DSP,https://www.youtube.com/watch?v=lDRQTXITeiQ
Anukshanam,2014.0,"Crime, Thriller            ","Anukshanam Theatrical MovieTrailer - RGV, Manchu Vishnu, Navadeep",https://www.youtube.com/watch?v=lLzQ18RguSg
Rowdy,2014.0,"Action, Crime, Drama            ",Rowdy Movie Official Theatrical Trailer - Mohan Babu | Manchu Vishnu | Shanvi | Jaya Sudha,https://www.youtube.com/watch?v=NMutRnEmKyg
Oohalu Gusagusalade,2014.0,"Comedy, Romance            ","Oohalu Gusagusalaade Trailer | Raashi Khanna, Naga Shaurya | Srinivas Avasarala | Watch on aha",https://www.youtube.com/watch?v=X_ixtYx2HHM
Race Gurram,2014.0,"Action, Comedy            ","Race Gurram Theatrical Trailer HD - Allu Arjun, Shruti Haasan",https://www.youtube.com/watch?v=Ete2JvsT5Nc
Pandavulu Pandavulu Thummeda,2014.0,Comedy            ,Pandavulu Pandavulu Thummeda theatrical trailer - idlebrain.com,https://www.youtube.com/watch?v=NCUYt87gVrY
Karthikeya,2014.0,"Mystery, Thriller            ","Karthikeya Official Theatrical Trailer - Nikhil Siddhartha, Swathi - HD",https://www.youtube.com/watch?v=WXzbm91D4lw
Surya vs. Surya,2015.0,Drama            ,Surya Vs Surya Theatrical Trailer | Nikhil Siddharth | Madhubala | Tridha Choudhury,https://www.youtube.com/watch?v=PX3X6dirZG0
Cinema Chupista Maava,2015.0,Family            ,Cinema Chupistha Mava | Theatrical Trailer | Raj Tarun | Avika Gor | Sai Kumar | Rao Ramesh,https://www.youtube.com/watch?v=8HLUF1ODuys
Tripura,2015.0,"Comedy, Horror            ","Tripura - Hindi Official Trailer | South Horror Thriller | Hindi Dubbed 2024 |Swathi, Naveen Chandra",https://www.youtube.com/watch?v=faLmyEZJciA
S/O Satyamurthy,2015.0,"Action, Drama            ","S/o Satyamurthy Theatrical Trailer || Allu Arjun, Upendra, Samantha, Trivikram",https://www.youtube.com/watch?v=dpnENU952gc
Dohchay,2015.0,Action            ,Dohchay Theatrical Trailer | Naga Chaitanya | Kriti Sanon | Sunny MR | Sudheer Varma,https://www.youtube.com/watch?v=v2LK5HCUdIU
Kerintha,2015.0,"Drama, Romance            ","Kerintha Theatrical Trailer - Sumanth Ashwin, Sri Divya, Tejaswi Madivada",https://www.youtube.com/watch?v=GVZ08Wlzal8
Loafer,2015.0,"Action, Drama            ","Loafer Theatrical Trailer || Varun Tej , Disha Patani , Puri Jagannadh",https://www.youtube.com/watch?v=Ycc6ifLgCDY
Mosagallaku Mosagadu,2015.0,"Action, Comedy, Crime            ","Mosagallaku Mosagadu Theatrical Trailer - Sudheer Babu, Nandini",https://www.youtube.com/watch?v=BAVnY6K-InE
Gopala Gopala,2015.0,"Comedy, Drama, Fantasy            ","Gopala Gopala  New Trailer - Venkatesh, Pawan Kalyan",https://www.youtube.com/watch?v=VLthhz-ZotQ
Bandipotu,2015.0,"Comedy, Crime, Drama            ","Bandipotu Movie Theatrical Trailer || Allari Naresh, Eesha || Sri Balaji Video",https://www.youtube.com/watch?v=P18ixc59oD8
Akhil,2015.0,"Action, Fantasy            ","Akhil Theatrical Trailer || Akhil Akkineni, Sayyeshaa Saigal || VV Vinayak , Nithin",https://www.youtube.com/watch?v=jXXz-Jo9cu8
Subramanyam for Sale,2015.0,Comedy            ,"Subramanyam For Sale Theatrical Trailer - Sai Dharam Tej, Regina Cassandra",https://www.youtube.com/watch?v=8FidMPFxLec
Temper,2015.0,"Action, Drama            ","Temper Theatrical Trailer - Jr Ntr, Kajal Agarwal",https://www.youtube.com/watch?v=FTKD7gcEsVc
365 Days,2015.0,"Drama, Romance            ",365 Days: This Day | Official Trailer | Netflix,https://www.youtube.com/watch?v=pyM3z73oMAk
Jil,2015.0,Action            ,Jil Theatrical Trailer | Gopichand | Raashi Khanna | Ghibran,https://www.youtube.com/watch?v=Gkyvxp3AIHc
Bengal Tiger,2015.0,"Action, Comedy            ",Bengal Tiger Theatrical Trailer | Raviteja | Tamanna | Raashi Khanna,https://www.youtube.com/watch?v=GCvipxfEnJY
Pandaga Chesko,2015.0,"Action, Drama, Family            ","Pandaga Chesko Theatrical Trailer -   Ram, Rakul Preet Singh",https://www.youtube.com/watch?v=ubo1um5LwU8
Mama Manchu Alludu Kanchu,2015.0,"Action, Comedy            ",Mama Manchu Alludu Kanchu Latest Theatrical Trailer | Sri Balaji Video,https://www.youtube.com/watch?v=BnKiEf07kJ4
Srimanthudu,2015.0,"Action, Drama            ",Srimanthudu Theatrical Trailer | Mahesh Babu | Shruti Haasan | Srimanthudu Trailer Official,https://www.youtube.com/watch?v=EZGapI7yjh4
Sher,2015.0,Action            ,TEASER 1 - SHER | DANISH TAIMOOR | SARAH KHAN | COMING SOON | TOP PAKISTANI DRAMA,https://www.youtube.com/watch?v=RoBmk9FIRy4
Janda Pai Kapiraju,2015.0,"Action, Thriller            ","Janda Pai Kapiraju Movie || Theatrical Trailer || Nani, Amala Paul",https://www.youtube.com/watch?v=Q-vfhm-rKRQ
Krishnamma Kalipindi Iddarini,2015.0,"Drama, Romance            ","Krishnamma Kalipindi Iddarini Movie Trailer || Sudheer Babu, Nandhita || Sri Balaji Video",https://www.youtube.com/watch?v=KAtRf4kuMQk
Bale Bale Magadivoy,2015.0,"Comedy, Romance            ",Bhale Bhale Magadivoi Theatrical Trailer | Nani | Lavanya Tripathi | Gopi Sunder | UV Creations,https://www.youtube.com/watch?v=UZ6LvBnzLMw
Courier Boy Kalyan,2015.0,"Action, Romance, Thriller            ",Courier Boy Kalyan Theatrical Trailer | Nitin | Yami Gautam | Gautham Menon | Telugu Filmnagar,https://www.youtube.com/watch?v=BH19xEUhX2k
Singham123,2015.0,"Action, Comedy            ",Singham 123 Movie Trailer - Sampoornesh Babu | Manchu Vishnu,https://www.youtube.com/watch?v=_mAnC1W8qHY
James Bond,2015.0,"Action, Comedy            ",SKYFALL - Official Trailer,https://www.youtube.com/watch?v=6kw1UVovByw
Asura,2015.0,"Action, Drama            ",Asur Season 1 - Official Trailer | Jio Cinema | Arshad Warsi | Barun Sobti | Theatrical Trailer,https://www.youtube.com/watch?v=oveko3h4pxk
Kumari 21F,2015.0,"Drama, Romance            ","Kumari 21F Theatrical Trailer || Raj Tarun, Hebah Patel , DSP, Sukumar",https://www.youtube.com/watch?v=4Fxiqo6AUIs
Bruce Lee: The Fighter,2015.0,"Action, Comedy            ",Bruce Lee The Fighter | Theatrical Trailer | Ram Charan | Rakul Preet | Sreenu Vaitla,https://www.youtube.com/watch?v=gr3lFtOqkuc
Sankarabharanam,2015.0,Comedy            ,Sankarabharanam Telugu Movie | Latest Theatrical Trailer | Nikhil | Nanditha | Kona Venkat,https://www.youtube.com/watch?v=9GBTVifO7aI
Raju Gari Gadhi,2015.0,Horror            ,Raju Gari Gadhi 2 Theatrical Trailer | Nagarjuna | Samantha | Thaman S | Ohmkar | #RGG2Trailer,https://www.youtube.com/watch?v=ZkogUD3CtNw
Malli Malli Idhi Rani Roju,2015.0,"Musical, Romance            ",Malli Malli Idi Rani Roju Theatrical Trailer | Sharwanand | Nithya Menon,https://www.youtube.com/watch?v=KXKZbb-loBQ
Yevade Subramanyam,2015.0,"Adventure, Comedy, Drama            ","Yevade Subramanyam Official Trailer | Nani, Vijay Deverakonda, Malvika, Ritu Varma | Nag Ashwin",https://www.youtube.com/watch?v=_pqngUO_pP4
Dongata,2015.0,Comedy            ,"Dongata on aha Trailer | Fahadh Faasil, Suraj, Nimisha  | premieres May 6",https://www.youtube.com/watch?v=86nu9YnQaGo
Rey,2015.0,"Action, Music            ","Rey Movie || Trailer | Sai Dharam Tej,Saiyami Kher, Shraddha Das",https://www.youtube.com/watch?v=I8n1tkmqTvI
Dynamite,2015.0,"Action, Thriller            ",BTS (방탄소년단) 'Dynamite' Official Teaser,https://www.youtube.com/watch?v=oxoWhyS9buA
Jadoogadu,2015.0,Action            ,Jadoogadu Telugu Movie Theatrical Trailer | Naga Shourya | Sonarika Bhadoria,https://www.youtube.com/watch?v=lZYufkqgD7s
Bahubali: The Beginning,2015.0,"Action, Drama            ","Baahubali - The Beginning | Official Trailer | Prabhas, Rana Daggubati, SS Rajamouli",https://www.youtube.com/watch?v=3NQRhE772b0
Kanche,2015.0,"Action, Drama, History            ","Kanche Trailer - Varun Tej, Pragya Jaiswal | A film by Krish | 2nd October",https://www.youtube.com/watch?v=UqhrfKnAfnQ
Bhale Manchi Roju,2015.0,"Action, Romance            ",BHALE MANCHI ROJU Official Theatrical Trailer | Sudheer Babu | Sai Kumar | Wamiqa Gabbi | Sunny MR,https://www.youtube.com/watch?v=omYoZGAVT98
Columbus,2015.0,Comedy            ,Columbus Telugu Movie Teaser | Sumanth Ashwin | Mishti | Seerat Kapoor | Telugu Filmnagar,https://www.youtube.com/watch?v=aAvnXPda2vo
Jyothi Lakshmi,2015.0,Drama            ,Jyothi Lakshmi Trailer - Charmme Kaur | Puri Jagannadh,https://www.youtube.com/watch?v=zq_EP8uhhZE
Rudhramadevi,2015.0,"Action, Biography, History            ","Rudramadevi theatrical trailer | Anushka Shetty, Allu Arjun, Rana Daggubati, Krishnam Raju,",https://www.youtube.com/watch?v=uQbOYxLcGk4
Pataas,2015.0,"Action, Comedy            ","Patas Teaser - Nandamuri Kalyan Ram, Anil Ravipudi",https://www.youtube.com/watch?v=DHyZFzsZyHw
Kick 2,2015.0,"Action, Comedy, Romance            ","Kick 2 Theatrical Trailer - Ravi Teja, Rakul Preet Singh",https://www.youtube.com/watch?v=VLktIc7QX-8
Speedunnodu,2016.0,"Comedy, Romance            ","Speedunnodu Theatrical Trailer | Speedunnodu Movie | Bellamkonda Sreenivas,Sonarika | Aditya Movies",https://www.youtube.com/watch?v=BZ_OB3SQ8Uw
Nandini Nursing Home,2016.0,Comedy            ,Nandini Nursing Home Theatrical Trailer | Nawin Vijay Krishna | Nithya | Achu Rajamani,https://www.youtube.com/watch?v=OxaIXPfoRPw
Jyo Achyutananda,2016.0,"Comedy, Drama, Romance            ","Jyo Achyutananda Theatrical Trailer - Nara Rohith, Naga Shaurya, Regina, Srinivas Avasarala",https://www.youtube.com/watch?v=lISRVkhHiAE
Jayammu Nischayammuu Raa,2016.0,Comedy            ,Jayammu Nischayammu Raa Theatrical Trailer || Srinivas Reddy || Poorna,https://www.youtube.com/watch?v=qW7gzWx9IGo
Babu Bangaram,2016.0,"Action, Comedy            ","Babu Bangaram Official Trailer | Venkatesh, Nayanthara | Maruthi | Ghibran | Sithara Entertainments",https://www.youtube.com/watch?v=X_n_6DyxKPg
Selfie Raja,2016.0,Comedy            ,"Selfie Raja Theatrical Trailer - Allari Naresh, Sakshi Chaudhary & Kamna Ranawat || G Eshwar Reddy",https://www.youtube.com/watch?v=lxbVmvZJ9fM
Hyper,2016.0,"Action, Drama            ","Hyper (Prathi Intlo Okaduntaadu) Theatrical Trailer With Subtitles | Ram, Raashi Khanna | Venus",https://www.youtube.com/watch?v=kOnN8TBxZqo
Krishnashtami,2016.0,"Action, Comedy, Romance            ","Krishnashtami Theatrical Trailer ||  Sunil, Nikki Galrani, Dimple Chopade",https://www.youtube.com/watch?v=h6999cOcWz0
Seethamma Andalu Ramayya Sitralu,2016.0,"Comedy, Romance            ",Seethamma Andalu Ramayya Sitralu Theatrical trailer || Raj Tarun || Arthana || Gopi Sunder,https://www.youtube.com/watch?v=VoCkONe3ZDY
Wish You Happy Breakup,2016.0,"Comedy, Drama, Romance            ",Wish You Happy Breakup Telugu Movie Trailer | Tejaswi Madivada | Udai Kiran | Latest 2016 Movies,https://www.youtube.com/watch?v=z6oS8QC5waE
Nirmala Convent,2016.0,Romance            ,"Nirmala Convent Digital Trailer || Nagarjuna, Roshan Salur, Roshan,Shriya Sharma",https://www.youtube.com/watch?v=rSkY9AJkOcU
Okka Ammayi Thappa,2016.0,"Action, Drama, Romance            ","Okka Ammayi Thappa Theatrical Trailer || Sundeep Kishan, Nithya Menen",https://www.youtube.com/watch?v=h2OGQ9zuktQ
Savitri,2016.0,"Comedy, Drama, Family            ",Savitri Trailer | 2015 Latest Short Film | A Film By Anu Prasad | Presented By Genuine Production,https://www.youtube.com/watch?v=9VvqSFxmCpU
Kalyana Vaibhogame,2016.0,"Comedy, Drama            ",Kalyanam Kamaneeyam Trailer | Santosh Sobhan | Priya Bhavani Shankar | Anil Kumar | Sravan Bharadwaj,https://www.youtube.com/watch?v=KJGiUV2oV3o
Terror,2016.0,"Action, Thriller            ",Terror Official Trailer | Adityaa | Ranjan Shivaraam Gowda | Harsha Vardhan Raaj | Silk Manju,https://www.youtube.com/watch?v=89C_B5mUIzk
Vangaveeti,2016.0,"Action, Biography, Crime            ",RGV Vangaveeti RELEASE TRAILER | Ram Gopal Varma | 2016 Telugu Movie Trailers | Telugu Cinema,https://www.youtube.com/watch?v=eyBODiM-HYw
Thikka,2016.0,"Action, Comedy            ","Thikka Movie Theatrical Trailer || Sai Dharam Tej, Larissa, Mannara || Rohin Reddy,  SS Thaman",https://www.youtube.com/watch?v=TY6DANX9gIg
Guntur Talkies,2016.0,Comedy            ,"Guntur Talkies Theatrical Trailer - Rashmi, Shraddha Das, Praveen Sattaru | Silly Monks",https://www.youtube.com/watch?v=9RDOc772sA4
Ism,2016.0,Action            ,"ISM Theatrical Trailer || ISM Movie || Kalyanram, Puri Jagannadh, Anup Rubens",https://www.youtube.com/watch?v=Iee4t2iRyDg
Jaguar,2016.0,Action            ,Jaguar Telugu Movie Theatrical Trailer | Nikhil Kumar | Deepti Sati | Jagapathi Babu | SS Thaman,https://www.youtube.com/watch?v=EaA7aIw1dkI
Raja Cheyyi Vesthe,2016.0,"Action, Romance, Thriller            ","Raja Cheyyi Veste Theatrical Trailer || Nara Rohit, Isha, Nandamuri Taraka Ratna || Pradeep",https://www.youtube.com/watch?v=qyOF6KD_a1g
Garam,2016.0,"Action, Romance            ",Garam Telugu Movie Theatrical Trailer | Aadi | Adah Sharma | Brahmanandam | Madan,https://www.youtube.com/watch?v=C75W-Yr0s-w
Oka Manasu,2016.0,"Drama, Musical, Romance            ","Oka Manasu Theatrical Trailer | Naga Shaurya, Niharika Konidela",https://www.youtube.com/watch?v=sZtEAczB7sg
Naanna Nenu Naa Boyfriends,2016.0,Family            ,"Nanna Nenu Naa Boyfriends Theatrical Trailer - Rao Ramesh, Hebah Patel, Tejaswi Madivada",https://www.youtube.com/watch?v=cgis_ViyFj8
Jakkanna,2016.0,"Comedy, Drama            ",Sunil Jakkanna Movie Theatrical Trailer | Sunil | Mannara Chopra | Sapthagiri | Telugu Filmnagar,https://www.youtube.com/watch?v=C1O_PXMrgBU
Majnu,2016.0,"Comedy, Drama, Romance            ","Majnu Trailer || Majnu Official Trailer || Nani, Anu Immanuel || Gopi Sunder || Telugu Trailer 2016",https://www.youtube.com/watch?v=txlIbUaGYpg
Premam,2016.0,"Comedy, Drama, Romance            ",Premam Re-release Teaser  | Nivin Pauly | Sai Pallavi | Alphonse Puthren  | Rajesh Murugesan,https://www.youtube.com/watch?v=tRQeIsxaBkg
Saahasam Swaasaga Saagipo,2016.0,"Action, Romance            ",Saahasam Swaasaga Saagipo Theatrical Trailer | AR Rahman | Naga Chaitanya | Gautham Menon #SSSMovie,https://www.youtube.com/watch?v=9kd3lOprII8
Dictator,2016.0,"Action, Drama            ",The Dictator - Official Trailer,https://www.youtube.com/watch?v=cYplvwBvGA4
Ekkadiki Pothavu Chinnavada,2016.0,"Comedy, Fantasy, Romance            ",Ekkadiki Pothavu Chinnavada Movie Theatrical Trailer | Nikhil | Hebah Patel | Vennela Kishore,https://www.youtube.com/watch?v=M0DGQYWWmUg
Janatha Garage,2016.0,"Action, Drama            ",Janatha Garage Telugu Theatrical Trailer | Jr NTR | Mohanlal | Samantha | Nithya | Koratala Siva,https://www.youtube.com/watch?v=7O4Hm070Bc8
Eedo Rakam Aado Rakam,2016.0,"Comedy, Romance            ","Eedo Rakam Aado Rakam Theatrical Trailer || Manchu Vishnu, Raj Tarun, Hebbah Patel, Sonarika",https://www.youtube.com/watch?v=kN3ynPsBdDo
Oopiri,2016.0,"Comedy, Drama            ",Oopiri Theatrical Trailer | Nagarjuna | Karthi | Tamannaah | Gopi Sundar | Vamsi Paidipally,https://www.youtube.com/watch?v=e1ddsJ38D5Q
Kshanam,2016.0,Thriller            ,"Kshanam Trailer - Adivi Sesh, Adah Sharma, Anasuya Bharadwaj | 26th FEB 2016",https://www.youtube.com/watch?v=OroFSmQQm1U
Supreme Khiladi,2016.0,"Action, Comedy            ","Supreme Theatrical Trailer - Sai Dharam Tej, Rashi Khanna | Dil Raju, Anil Ravipudi",https://www.youtube.com/watch?v=Fs0yQqJVdWo
Express Raja,2016.0,"Action, Comedy, Romance            ",Express Raja Theatrical Trailer | Sharwanand | Surabhi | Merlapaka Gandhi | UV Creations,https://www.youtube.com/watch?v=vtnKfhqEumk
Gentleman,2016.0,"Mystery, Romance, Thriller            ","A GENTLEMAN - Sundar, Susheel, Risky | Official Trailer | Sidharth | Jacqueline | Raj & DK",https://www.youtube.com/watch?v=IMXifj-peiQ
Nenu Sailaja,2016.0,"Action, Comedy, Romance            ",Nenu Sailaja Theatrical Trailer - Ram || Keerthy Suresh || DSP,https://www.youtube.com/watch?v=BZW3VVJe3Nc
